{"counters":{"rest":5,"ws":0,"duplicates":0,"stale":0},"last_ts":{"rest":1759519924.4613936,"ws":1759519878.7342596,"duplicates":1759519878.7342596,"stale":1759519878.7342596},"tripped":false}