{
  "participation": [0.0, 0.1, 0.2, 0.5],
  "impact_bps": [1.0000008, 1.2529822128134704, 1.3577708763999663, 1.5656854249492382]
}
